id;quantity;unit;model;brand
1;3688;Personal Loan Account;paradigms Home;Investor Public-key
2;14489;Berkshire Designer;Credit Card Account;navigate
3;23763;transmitter;Point Orchestrator;Solomon Islands Licensed
4;83530;installation;Argentine Peso;Kentucky Algerian Dinar Clothing
5;51209;Future-proofed deposit Sausages;disintermediate Cambridgeshire hacking;bricks-and-clicks Concrete Global
6;87733;Enhanced deposit parsing;Borders content-based;Tasty Customer Human
7;63310;B2B;Saint Helena Pound programming;AI optical invoice
8;8413;Cheese Dynamic Home Loan Account;transform;invoice Home Gloves
9;54873;Cayman Islands Dollar invoice;Fish;Networked
10;32539;navigate;program alarm;Nevada
